degree,train_mse,test_mse,train_r2,test_r2,cv_r2
1,0.8142978730202848,0.6423134906348926,0.9285454953445366,0.943022532231036,0.9276216516210877
